year,co2_emissions_millions,diet_unaffordability_pct,co2_category,diet_category,co2_pct_change,diet_pct_change
2017,439.996,60.8,Medium,High,,
2018,434.581,60.2,Medium,Moderate,-1.2306930063000543,-0.9868421052631526
2019,464.114,60.2,High,Moderate,6.795741185187554,0.0
2020,434.067,61.8,Medium,Very High,-6.474055943151891,2.657807308970095
2021,425.918,61.1,Medium,Very High,-1.8773599467363344,-1.132686084142387
2022,405.312,61.0,Low,High,-4.838020464032978,-0.16366612111292644
2023,405.0,61.5,Low,Very High,-0.07697773567030275,0.8196721311475308
2024,398.5,62.0,,Very High,-1.6049382716049387,0.8130081300812941
